[
  {
    "_id" : "56fe381a90031e0005d15ed8",
    "user_id" : "56f21e9c444d700624705d16",
    "project_id" : "56f4d7004d60f8e547176da3",
    "project_name" : "my-solver",
    "project_owner" : "empirical-bot",
    "project_interface" : "solver",
    "ssh_url" : "git@github.com:empirical-bot/my-solver.git",
    "https_url" : "https://github.com/empirical-bot/my-solver.git",
    "status" : "failed",
    "branch" : "master",
    "head_sha" : "d282a33749809e36f4c9d6eb820dd82990b2ce3b",
    "head_msg" : "Update empirical.yml",
    "label" : "VJsNP7PCe",
    "evaluator":"empirical-bot/my-evaluator:4JDL-aGgW",
    "__v" : 0
  },
  {
    "_id" : "56f5da4e49b2e7531469c3ef",
    "user_id" : "56f21e9c444d700624705d16",
    "project_id" : "56f4d7004d60f8e547176da3",
    "project_name" : "my-solver",
    "project_owner" : "empirical-bot",
    "project_interface" : "solver",
    "ssh_url" : "git@github.com:empirical-bot/my-solver.git",
    "https_url" : "https://github.com/empirical-bot/my-solver.git",
    "status" : "queued",
    "branch" : "dev",
    "head_sha" : "ff396b8f154c3488f40460c0bedbf951aa06949c",
    "head_msg" : "Update empirical.yml",
    "label" : "Ny1OY60ag",
    "__v" : 0,
    "overall" : null,
    "evaluator" : "empirical-bot/my-evaluator:4yg0_TCal"
  },
  {
    "_id" : "570b66bcab6041a33d9268d6",
    "user_id" : "56f21e9c444d700624705d16",
    "project_id" : "56f4a6ca41f3150d3c22bd92",
    "project_name" : "my-evaluator",
    "project_owner" : "empirical-bot",
    "project_interface" : "evaluator",
    "ssh_url" : "git@github.com:empirical-bot/my-evaluator.git",
    "https_url" : "https://github.com/empirical-bot/my-evaluator.git",
    "status" : "queued",
    "branch" : "master",
    "head_sha" : "f9559efe4f67bdfab330ca277fd3dd6c8e1e59e3",
    "head_msg" : "Merge pull request #1 from empirical-bot/new-schema\n\nUse new experiment schema",
    "image": "empiricaladmin/570b66bcab6041a33d9268d6",
    "label" : "NyTRSIVyW",
    "__v" : 0
  },
  {
    "_id":"5719d236fe781303004ecea9",
    "user_id" : "56f21e9c444d700624705d16",
    "project_id" : "56f4a6ca41f3150d3c22bd92",
    "project_name":"my-evaluator",
    "project_owner":"empirical-bot",
    "project_interface":"evaluator",
    "ssh_url":"git@github.com:empirical-bot/my-evaluator.git",
    "https_url":"https://github.com/empirical-bot/my-evaluator.git",
    "status":"queued",
    "branch":"add-auth",
    "head_sha":"1e2495d20c13dfcc40f8a22273bc73c9e93c5a92",
    "head_msg":"Update empirical.py",
    "image": "empiricaladmin/5719d236fe781303004ecea9",
    "label":"4JDL-aGgW"
  },
  {
    "_id" : "56fe1f7d4cd9176e48b5541f",
    "user_id" : "56fa1e9c444d666624705d15",
    "project_id" : "56fddb56dfd861823922c48d",
    "project_name" : "hello-world",
    "project_owner" : "administrator",
    "project_interface" : "standalone",
    "ssh_url" : "git@github.com:empiricalci/hello-world.git",
    "https_url" : "https://github.com/empiricalci/hello-world.git",
    "status" : "queued",
    "branch" : "master",
    "head_sha" : "40631fd5683563e79b7f34e08e83f627a0b79ca4",
    "head_msg" : "try to fix https",
    "label" : "4JAq0-vCl",
    "__v" : 0,
    "overall" : {
        "value" : 1,
        "type" : "table",
        "metric" : "Accuracy"
    }
  },
  {
    "_id" : "573c1a1be041df2d00d5b96e",
    "status" : "success",
    "user_id" : "56fa1e9c444d666624705d15",
    "project_id" : "56fddb56dfd861823922c48d",
    "project_name" : "hello-world",
    "project_owner" : "administrator",
    "project_interface" : "standalone",
    "ssh_url" : "git@github.com:empiricalci/hello-world.git",
    "https_url" : "https://github.com/empiricalci/hello-world.git",
    "branch" : "use-dataset",
    "head_sha" : "fae19c206e66d3a7bb004e4dac5bf44bbedf05a0",
    "head_msg" : "Read data from files",
    "label" : "r1Q7q9YM",
    "__v" : 0
  },
  {
    "_id" : "5741796e2799482b002aa493",
    "status" : "success",
    "user_id" : "56fa1e9c444d666624705d15",
    "project_id" : "56fddb56dfd861823922c48d",
    "project_name" : "hello-world",
    "project_owner" : "administrator",
    "project_interface" : "standalone",
    "ssh_url" : "git@github.com:empiricalci/hello-world.git",
    "https_url" : "https://github.com/empiricalci/hello-world.git",
    "branch" : "save-to-workspace",
    "head_sha" : "e385a63abf281e378806db74603878e1c5d73022",
    "head_msg" : "Save results to /workspace too",
    "label" : "SywuYx17",
    "__v" : 0
  }
]
